https://www.usatoday.com/,200,
https://www.usatoday.com/story/travel/experience/national-parks/2023/10/04/fat-bear-week-katmai-national-park-2023/71059941007/,200,
https://www.usatoday.com/story/money/2023/10/05/30-year-mortgage-rate-climbs/71068590007/,200,
https://www.usatoday.com/story/entertainment/celebrities/2023/10/05/selena-gomez-inaugural-rare-impact-fund-taylor-swift-francia-raisa/71075057007/,200,
https://www.usatoday.com/staff/4388284002/swapna-venugopal-ramaswamy/,200,
https://www.usatoday.com/money/blueprint/investing/gold-price-10-05-2023/,200,
https://www.usatoday.com/gcdn/-mm-/34af2495920adb7bc5715fcfe0ae5a6232856b31/c=70-1-574-505/local/-/media/2019/03/18/USATODAY/USATODAY/636885016713644316-Eve-Chen.jpg?width=48&height=48&fit=crop&format=pjpg&auto=webp,200,
https://www.usatoday.com/sitemap/,200,
https://www.usatoday.com/story/travel/experience/national-parks/2023/09/28/fat-bear-week-government-shutdown/70996055007/,200,
https://www.usatoday.com/story/graphics/2023/09/19/mega-millions-powerball-numbers-not-drawn/70898612007/,200,
https://www.usatoday.com/vertical-storytelling/,200,
https://www.usatoday.com/gcdn/presto/2019/08/29/PWES/5c70d19d-b0f6-4a30-9b78-0896300dd7bd-Venugopal_Swapna_2019_02.JPG?crop=4118%2C4118%2Cx0%2Cy0&width=48&height=48&format=pjpg&auto=webp,200,
https://www.usatoday.com/story/life/health-wellness/2022/05/18/selena-gomez-visits-white-house-personal-mental-health-struggles/9816110002/,200,
https://www.usatoday.com/story/money/cars/2023/09/30/2024-honda-prologue-ev-price-feautures/70996200007/,200,
https://www.usatoday.com/story/entertainment/tv/2022/12/11/snl-selena-gomez-crashes-steve-martin-martin-short-episode/10876683002/,200,
https://www.usatoday.com/money/blueprint/mortgages/current-mortgage-rates/,200,
https://www.usatoday.com/travel/cruises/,200,
https://www.usatoday.com/story/tech/2023/10/05/las-vegas-sphere-halloween-jack-o-lantern-display/71077705007/,200,
https://www.usatoday.com/story/news/factcheck/2023/10/05/claim-of-nfl-vote-to-ban-kneeling-started-on-satire-site-fact-check/71071087007/,200,
https://www.usatoday.com/story/travel/airline-news/2023/01/18/airline-mobility-device-incidents/11047656002/,200,
https://www.usatoday.com/story/life/health-wellness/2023/10/05/cat-person-movie-new-yorker-sex/70998400007/,200,
https://www.usatoday.com/story/news/investigations/2023/10/05/mel-tucker-skips-harassment-hearing-alleges-innocence/71074111007/,200,
https://www.usatoday.com/money/blueprint/retirement/protect-your-401k-during-recession/,200,
https://www.usatoday.com/opinion/best-of-late-night/,200,
https://www.usatoday.com/travel/,200,
https://www.usatoday.com/staff/2684070001/kimi-robinson/,200,
https://www.usatoday.com/sports/nba/,200,
https://www.usatoday.com/money/blueprint/investing/current-i-bonds-rates/,200,
https://www.usatoday.com/gcdn/authoring/videos/zype/thumbnails/651edd5833d1d60001e696de/83b622f614243ceb1179de5ab190adac697c8a09918d319674ea956b756ad406.png?width=660&height=371&fit=crop&format=pjpg&auto=webp&quality=40,200,
https://www.usatoday.com/story/news/politics/elections/2023/06/01/2024-presidential-election-candidates-republican-democratic/11641319002/,200,
https://www.usatoday.com/story/travel/experience/america/theme-parks/2022/12/22/disney-souvenirs-collectible-merchandise-nostalgia/10894831002/,200,
https://www.usatoday.com/story/money/personalfinance/2023/10/05/buy-now-pay-later-apps-concerning-holiday-surge/71070333007/,200,
https://www.usatoday.com/money/blueprint/auto-insurance/best-auto-insurance/,200,
https://www.usatoday.com/money/blueprint/mortgages/,200,
https://www.usatoday.com/pride/,200,
https://www.usatoday.com/story/entertainment/celebrities/2023/05/03/queen-elizabeth-ii-coronation-1953-what-to-know/11571411002/,200,
https://www.usatoday.com/picture-gallery/entertainment/music/2023/10/05/billboard-latin-music-awards-red-carpet-must-see-photos-performances-winners/71051488007/,200,
https://www.usatoday.com/story/entertainment/celebrities/2023/07/26/selena-gomez-francia-raisa-happy-birthday-post/70474730007/,200,
https://www.usatoday.com/news/health/,200,
https://www.usatoday.com/story/money/personalfinance/real-estate/2023/09/30/housing-market-update-sellers-market-mortgage-rates/70981233007/,200,
https://www.usatoday.com/life/health-wellness/,200,
https://www.usatoday.com/story/sports/columnist/mike-freeman/2023/10/05/dick-butkus-ferocious-legacy-chicago-bears/71077657007/,200,
https://www.usatoday.com/story/travel/experience/national-parks/2022/10/05/fat-bear-week-katmai-national-park-alaska/8166095001/,200,
https://www.usatoday.com/life/,200,
https://www.usatoday.com/story/news/nation/2023/10/05/monkey-loose-indianapolis/71068141007/,200,
https://www.usatoday.com/money/blueprint/mortgages/best-heloc-rates/,200,
https://www.usatoday.com/staff/2647623001/ingrid-jacques/,200,
https://www.usatoday.com/picture-gallery/entertainment/celebrities/2023/10/02/celebrity-photos-october-2023/71039681007/,200,
https://www.usatoday.com/gcdn/authoring/authoring-images/2023/10/05/USAT/71077391007-usatsi-2165004.jpg?crop=2697%2C1517%2Cx0%2Cy194&width=210&height=118&format=pjpg&auto=webp,200,
https://www.usatoday.com/story/entertainment/tv/2021/08/31/selena-gomez-steve-martin-short-only-murders-in-the-building/5601489001/,200,
https://www.usatoday.com/sports/mma/,200,
https://www.usatoday.com/story/news/investigations/2023/10/04/msu-football-coach-mel-tucker-credibility-undermined-assistants/71054067007/,200,
https://www.usatoday.com/entertainment/,200,
https://www.usatoday.com/money/blueprint/investing/best-gold-etfs/,200,
https://www.usatoday.com/story/travel/2022/12/05/annual-family-vacation-ideas/10565256002/,200,
https://www.usatoday.com/story/sports/nfl-picks/2023/10/05/nfl-picks-cowboys-niners-spread-locks-predictions-week-5/71066325007/,200,
https://www.usatoday.com/story/travel/experience/theme-parks/2023/10/04/disney-world-disneyland-children-family-travel-deal-discount/71056872007/,200,
https://www.usatoday.com/media/,200,
https://www.usatoday.com/story/entertainment/movies/2022/11/03/selena-gomez-my-mind-and-me-documentary-world-premiere/8255352001/,200,
https://www.usatoday.com/news/from-the-archives/,200,
https://www.usatoday.com/gcdn/presto/2020/01/11/PPHX/18fa5f61-d870-4437-93bb-f111d0a494ee-RS_01374.JPG?crop=1761%2C1761%2Cx611%2Cy0&width=48&height=48&format=pjpg&auto=webp,200,
https://www.usatoday.com/sports/olympics/,200,
https://www.usatoday.com/opinion/,200,
https://www.usatoday.com/story/life/health-wellness/2023/10/05/what-causes-high-cholesterol/70980828007/,200,
https://www.usatoday.com/story/news/nation/2022/10/11/fat-bear-week-2022-747-champion/10465861002/,200,
https://www.usatoday.com/money/blueprint/banking/cds/cd-rates-forecast-2023/,200,
https://www.usatoday.com/story/news/nation/2022/10/11/fat-bear-week-scandal-fake-votes-alaskas/10465248002/,200,
https://www.usatoday.com/for-you/,200,
https://www.usatoday.com/story/news/nation/2023/10/05/shooting-pee-wee-football-tyren-thompson-akron/71066208007/,200,
https://www.usatoday.com/tangsvc/pg/71039681007/,200,
https://www.usatoday.com/problemsolved/,200,
https://www.usatoday.com/just-curious/,200,
https://www.usatoday.com/tech/reviews/,200,
https://www.usatoday.com/story/entertainment/music/2023/05/16/taylor-lautner-taylor-swift-speak-now-rerecording-john-mayer/70225790007/,200,
https://www.usatoday.com/story/life/health-wellness/2023/10/05/pamela-anderson-no-makeup-jamie-lee-curtis-natural-beauty-revolution/71065923007/,200,
https://www.usatoday.com/story/travel/news/2023/10/04/japan-visitor-tax-miyajima/71057033007/,200,
https://www.usatoday.com/story/travel/airline-news/2022/12/02/airline-flight-cancellations-delays-compensation/10790186002/,200,
https://www.usatoday.com/story/news/nation/2022/10/04/fat-bear-week-2022-how-to-vote-competitors/8176400001/,200,
https://www.usatoday.com/gcdn/authoring/authoring-images/2023/10/06/USAT/71080294007-ap-latin-billboard-awards-copy.jpg?crop=3400%2C3399%2Cx510%2Cy0&width=130&height=130&format=pjpg&auto=webp,200,
https://www.usatoday.com/story/news/politics/2023/10/05/boris-epshteyn-lin-wood-witnesses-georgia-trial-trump-co-defendants/71073560007/,200,
https://www.usatoday.com/story/entertainment/movies/2023/04/25/summer-movies-2023-most-anticipated-releases/11668127002/,200,
https://www.usatoday.com/money/blueprint/auto-insurance/cheapest-cars-insure/,200,
https://www.usatoday.com/story/news/2023/05/03/what-does-wtm-mean/11705273002/,200,
https://www.usatoday.com/comics/,200,
https://www.usatoday.com/entertainment/celebrities/,200,
https://www.usatoday.com/story/news/nation/2023/10/05/camden-new-jersey-opioid-epidemic-neighborhoods/71004010007/,200,
https://www.usatoday.com/story/entertainment/music/2023/10/05/jason-derulo-lawsuit-sexual-harassment/71072833007/,200,
https://www.usatoday.com/staff/2647847001/eve-chen/,200,
https://www.usatoday.com/story/sports/ncaaf/bigten/2023/10/05/pat-fitzgerald-sues-northwestern-after-firing-in-football-hazing-probe/71069461007/,200,
https://www.usatoday.com/story/entertainment/2023/10/05/eras-tour-film-100-million-presale-tickets/71078330007/,200,
https://www.usatoday.com/money/blueprint/business/vpn/expressvpn/,200,
https://www.usatoday.com/story/entertainment/books/2023/03/13/paris-hilton-andy-cohen-laura-dern-new-books-what-to-read/11422980002/,200,
https://www.usatoday.com/sports/outdoors/,200,
https://www.usatoday.com/elections/,200,
https://www.usatoday.com/travel/experience-america/,200,
https://www.usatoday.com/story/entertainment/celebrities/2023/07/07/taylor-swift-celebrates-fourth-of-july-with-selena-gomez-haim/70392163007/,200,
https://www.usatoday.com/money/blueprint/home-insurance/best-homeowners-insurance-companies/,200,
https://www.usatoday.com/story/news/nation/2023/10/05/mummy-stoneman-willie-pennsylvania-proper-burial/71077061007/,200,
https://www.usatoday.com/story/news/health/2023/10/01/type-2-diabetes-prevention-progress/70768126007/,200,
https://www.usatoday.com/money/blueprint/images/uploads/2023/02/01004834/what-is-a-brokerage-account-e1690865353412.jpg?width=300&fit=cover&format=webp,200,
https://www.usatoday.com/betting/,200,
https://www.usatoday.com/tech/reviewedcom/,200,
https://www.usatoday.com/story/entertainment/tv/2023/04/13/writers-strike-hollywood-2023-wga-contract-explained/11634717002/,200,
https://www.usatoday.com/horoscopes/,200,
https://www.usatoday.com/money/blueprint/banking/savings/savings-calculator/,200,
https://www.usatoday.com/story/money/2023/09/27/best-usb-c-charging-cable-iphone-15/70980082007/,200,
https://www.usatoday.com/money/blueprint/images/uploads/2023/07/01010805/how-to-invest-in-gold-e1690866522187.jpg?width=300&fit=cover&format=webp,200,
https://www.usatoday.com/money/blueprint/travel-insurance/best-travel-insurance/,200,
https://www.usatoday.com/story/news/investigations/2023/09/10/michigan-state-football-coach-sexual-harassment-claim/70679703007/,200,
https://www.usatoday.com/media/popular/,200,
https://www.usatoday.com/news/factcheck/,200,
https://www.usatoday.com/money/blueprint/banking/checking/best-student-checking-accounts/,200,
https://www.usatoday.com/weather/,200,
https://www.usatoday.com/story/sports/nfl/bears/2023/10/05/dick-butkus-movies-tv-shows-commercials/71077715007/,200,
https://www.usatoday.com/money/blueprint/auto-insurance/best-cheap-car-insurance/,200,
https://www.usatoday.com/money/blueprint/business/services/incfile-llc-review/,200,
https://www.usatoday.com/gcdn/authoring/authoring-images/2023/10/05/USAT/71065777007-xxx-731718-0012.jpg?crop=5999%2C3375%2Cx0%2Cy0&width=210&height=118&format=pjpg&auto=webp,200,
https://www.usatoday.com/money/blueprint/auto-insurance/car-insurance-quotes/,200,
https://www.usatoday.com/booklist/,200,
https://www.usatoday.com/money/blueprint/auto-insurance/,200,
https://www.usatoday.com/money/blueprint/travel-insurance/best-covid-travel-insurance/,200,
https://www.usatoday.com/for-subscribers/,200,
https://www.usatoday.com/sports-seriously/,200,
https://www.usatoday.com/story/news/2023/01/04/corrections-clarifications-2023/10981150002/,200,
https://www.usatoday.com/story/news/politics/2023/10/05/biden-administration-to-extend-border-wall-touted-donald-trump/71071470007/,200,
https://www.usatoday.com/story/entertainment/books/2023/06/28/usa-today-best-selling-booklist-returns/70331737007/,200,
https://www.usatoday.com/climate-change/,200,
https://www.usatoday.com/story/sports/nfl/bears/2023/10/05/dick-butkus-dies-chicago-bears-nfl-middle-linebacker/71077183007/,200,
https://www.usatoday.com/money/blueprint/images/uploads/2023/02/01011436/how-to-buy-stocks-e1690866928521.jpg?width=300&fit=cover&format=webp,200,
https://www.usatoday.com/sports/nfl/,200,
https://www.usatoday.com/money/blueprint/investing/,200,
https://www.usatoday.com/money/blueprint/banking/checking/best-no-fee-checking-accounts/,200,
https://www.usatoday.com/sports/soccer/,200,
https://www.usatoday.com/story/sports/nfl/2023/10/05/bears-commanders-score-predictions-odds-live-updates-tnf/71073681007/,200,
https://www.usatoday.com/media/latest/videos/news/,200,
https://www.usatoday.com/marketplace/jobs/,200,
https://www.usatoday.com/graphics/,200,
https://www.usatoday.com/money/blueprint/retirement/best-bitcoin-ira/,200,
https://www.usatoday.com/story/life/health-wellness/2023/10/05/speaker-of-the-house-congress-political-stress/71073530007/,200,
https://www.usatoday.com/money/blueprint/images/uploads/2023/10/04101024/GettyImages-629743180.jpg?width=700&fit=cover&format=webp,200,
https://www.usatoday.com/news/viral-videos-trending-news/,200,
https://www.usatoday.com/sports/odds/,200,
