https://www.usatoday.com/,207572,223,text/html; charset=utf-8,
https://www.usatoday.com/story/travel/experience/national-parks/2023/10/04/fat-bear-week-katmai-national-park-2023/71059941007/,188862,148,text/html; charset=utf-8,
https://www.usatoday.com/story/news/nation/2023/10/05/wisconsin-gov-tony-evers-armed-attacker-arrested/71070595007/,191078,137,text/html; charset=utf-8,
https://www.usatoday.com/contact/staff/,364906,940,text/html; charset=utf-8,
https://www.usatoday.com/staff/7090559002/christopher-cann/,164846,190,text/html; charset=utf-8,
https://www.usatoday.com/story/money/2023/10/05/30-year-mortgage-rate-climbs/71068590007/,172419,136,text/html; charset=utf-8,
https://www.usatoday.com/sitemap/,211271,720,text/html; charset=utf-8,
https://www.usatoday.com/story/travel/experience/national-parks/2023/09/28/fat-bear-week-government-shutdown/70996055007/,164562,138,text/html; charset=utf-8,
https://www.usatoday.com/money/blueprint/investing/gold-price-10-05-2023/,557519,290,text/html; charset=UTF-8,
https://www.usatoday.com/in-depth/news/investigations/2023/01/19/human-trafficking-laws-enforcement-impact-victim-experience/10392339002/,136976,53,text/html; charset=utf-8,
https://www.usatoday.com/news/investigations/,160718,172,text/html; charset=utf-8,
https://www.usatoday.com/maternal-mortality-harm-hospital-database/,45135,54,text/html; charset=utf-8,
https://www.usatoday.com/story/graphics/2023/09/19/mega-millions-powerball-numbers-not-drawn/70898612007/,152644,135,text/html; charset=utf-8,
https://www.usatoday.com/story/travel/airline-news/2023/01/18/airline-mobility-device-incidents/11047656002/,174513,158,text/html; charset=utf-8,
https://www.usatoday.com/story/money/2023/10/05/liao-brothers-apple-scam-sentenced/71073980007/,188937,139,text/html; charset=utf-8,
https://www.usatoday.com/story/travel/experience/america/theme-parks/2022/12/22/disney-souvenirs-collectible-merchandise-nostalgia/10894831002/,200323,151,text/html; charset=utf-8,
https://www.usatoday.com/story/money/2023/10/04/why-powerball-has-been-rising-so-high/71064601007/,169368,139,text/html; charset=utf-8,
https://www.usatoday.com/picture-gallery/news/2012/09/09/the-day-in-pictures/1410095/,224287,126,text/html; charset=utf-8,
https://www.usatoday.com/story/entertainment/movies/2023/10/05/the-exorcist-believer-horror-movie-sequel/71046174007/,199645,144,text/html; charset=utf-8,
https://www.usatoday.com/story/life/2022/12/05/angel-number-111-meaning/10591518002/,174144,148,text/html; charset=utf-8,
https://www.usatoday.com/story/travel/experience/national-parks/2022/10/05/fat-bear-week-katmai-national-park-alaska/8166095001/,186551,153,text/html; charset=utf-8,
https://www.usatoday.com/story/travel/2022/12/05/annual-family-vacation-ideas/10565256002/,167036,136,text/html; charset=utf-8,
https://www.usatoday.com/story/news/investigations/2023/10/05/mel-tucker-skips-harassment-hearing-alleges-innocence/71074111007/,181867,138,text/html; charset=utf-8,
https://www.usatoday.com/story/news/crime/2022/06/05/douglas-uhde-suspect-shooting-judge-roemer-anti-government/7522517001/,180707,140,text/html; charset=utf-8,
https://www.usatoday.com/staff/8391111001/cybele-mayes-osterman/,162676,189,text/html; charset=utf-8,
https://www.usatoday.com/money/blueprint/auto-insurance/best-auto-insurance/,1048576,292,text/html; charset=UTF-8,
